team,year,master_team
0711|Cycling,2017,0711 Cycling
303Project,2018,303Project
303Project,2019,303Project
4-72 - Colombia,2013,Manzana Postobon
4-72 - Colombia,2014,Manzana Postobon
5-hour Energy,2013,X
5-hour Energy,2014,X
7 Eleven - Cliqq Roadbike Philippines,2018,X
7 Eleven - Roadbike Philippines,2017,X
7 Eleven Cliqq - air21 by Roadbike Philippines,2019,X
7 Eleven Presented by Road Bike Philippines,2013,X
7 Eleven-Sava RBP,2016,X
A BLOC CT,2020,ABLOC
A.R Monex Pro CyclingTeam,2021,X
ABLOC CT,2021,ABLOC
AC Sparta Praha,2013,AC Sparta Praha
AC Sparta Praha,2014,AC Sparta Praha
AC Sparta Praha,2015,AC Sparta Praha
AC Sparta Praha,2016,AC Sparta Praha
AC Sparta Praha,2017,AC Sparta Praha
AC Sparta Praha,2018,AC Sparta Praha
AC Sparta Praha,2019,AC Sparta Praha
ACA Pro Racing Sunshine Coast,2020,ACA Sunshine Coast
ACA Pro Racing Sunshine Coast,2021,ACA Sunshine Coast
Accent.jobs - Wanty,2013,Wanty Gobert
Action Cycling Team,2017,X
ActiveJet Team,2014,X
ActiveJet Team,2015,X
Adria Mobil,2013,Adria Mobil
Adria Mobil,2014,Adria Mobil
Adria Mobil,2015,Adria Mobil
Adria Mobil,2016,Adria Mobil
Adria Mobil,2017,Adria Mobil
Adria Mobil,2018,Adria Mobil
Adria Mobil,2019,Adria Mobil
Adria Mobil,2020,Adria Mobil
Adria Mobil,2021,Adria Mobil
Advan Customs Cycling Team,2018,X
Aevolo,2017,Aevolo
Aevolo,2018,Aevolo
Aevolo,2019,Aevolo
Aevolo,2020,Aevolo
African Wildlife Safaris Cycling Team,2014,X
African Wildlife Safaris Cycling Team,2015,X
AG2R Citroen Team,2021,AG2R
AG2R La Mondiale,2013,AG2R
AG2R La Mondiale,2014,AG2R
AG2R La Mondiale,2015,AG2R
AG2R La Mondiale,2016,AG2R
AG2R La Mondiale,2017,AG2R
AG2R La Mondiale,2018,AG2R
AG2R La Mondiale,2019,AG2R
AG2R La Mondiale,2020,AG2R
AGO-Aqua Service,2017,X
AGO-Aqua Service,2018,X
Agrupacion Virgen De Fatima,2017,X
Agrupacion Virgen De Fatima,2018,X
Agrupacion Virgen De Fatima,2019,X
Agrupacion Virgen De Fatima,2020,X
Airgas Cycling,2014,Team Illuminate
Airgas Safeway Cycling,2015,Team Illuminate
Aisan Racing Team,2013,Aisan Racing
Aisan Racing Team,2014,Aisan Racing
Aisan Racing Team,2015,Aisan Racing
Aisan Racing Team,2016,Aisan Racing
Aisan Racing Team,2017,Aisan Racing
Aisan Racing Team,2018,Aisan Racing
Aisan Racing Team,2019,Aisan Racing
Aisan Racing Team,2020,Aisan Racing
Akros - Excelsior - Thomus,2020,Akros
Akros - Renfer SA,2018,Akros
AKROS - Thomus,2019,Akros
Al Marakeb Pro Cycling Team,2016,X
Albania,2013,X
Albania,2016,X
Albania,2017,X
Albania,2019,X
Alecto Cycling Team,2018,X
Alecto Cycling Team,2019,X
Algeria,2013,X
Algeria,2014,X
Algeria,2015,X
Algeria,2016,X
Algeria,2017,X
Algeria,2019,X
Algeria,2020,X
Alpecin-Fenix,2020,Alpecin Fenix
Alpecin-Fenix,2021,Alpecin Fenix
Alpha Baltic - Maratoni.lv,2015,X
Alpha Baltic - Maratoni.lv,2016,X
Alpha Baltic - Unitymarathons.com,2013,X
Alpha Baltic - Unitymarathons.com,2014,X
Amore & Vita,2013,Amore & Vita
Amore & Vita - Prodir,2018,Amore & Vita
Amore & Vita - Prodir,2019,Amore & Vita
Amore & Vita - Prodir,2020,Amore & Vita
Amore & Vita - Prodir,2021,Amore & Vita
Amore & Vita - Selle SMP,2014,Amore & Vita
Amore & Vita - Selle SMP,2015,Amore & Vita
Amore & Vita - Selle SMP,2016,Amore & Vita
Amore & Vita - Selle SMP presented by FONDRIEST,2017,Amore & Vita
Amplatz - BMC,2014,X
Amplatz - BMC,2015,X
Amplatz - BMC,2016,X
Amplatz - BMC,2017,X
Ampler Development Team,2021,Ampler Dev Team
An Post - Chain Reaction,2013,X
An Post - Chain Reaction,2014,X
An Post - Chain Reaction,2015,X
An Post Chain Reaction,2016,X
An Post Chain Reaction,2017,X
Andorra,2013,X
Andorra,2016,X
Andorra,2019,X
Androni - Sidermec - Bottecchia,2017,Androni
Androni Giocattoli - Sidermec,2015,Androni
Androni Giocattoli - Sidermec,2016,Androni
Androni Giocattoli - Sidermec,2018,Androni
Androni Giocattoli - Sidermec,2019,Androni
Androni Giocattoli - Sidermec,2020,Androni
Androni Giocattoli - Sidermec,2021,Androni
Androni Giocattoli - Venezuela,2013,Androni
Androni Giocattoli - Venezuela,2014,Androni
Antarte - Feirense,2021,Feirense
Apple Team,2018,X
Apple Team,2019,X
Aqua Blue Sport,2017,Aqua Blue Sport
Aqua Blue Sport,2018,Aqua Blue Sport
Arapahoe - Hincapie p/b BMC,2019,Hincapie
Arbo Gebruder Weiss - Oberndorfer,2013,X
Area Zero - VVF,2020,X
Area Zero Pro Team,2014,X
Argentina,2013,X
Argentina,2014,X
Argentina,2015,X
Argentina,2016,X
Argentina,2017,X
Argentina,2018,X
Argentina,2019,X
Argentina,2020,X
Argos - Shimano,2013,Sunweb
Armenia,2015,X
ASC Dukla Praha,2013,X
Asociacion Civil Mardan,2017,X
Asociacion Civil Mardan,2018,X
Asociacion Civil Mardan,2019,X
Astana - Premier Tech,2021,Astana
Astana City,2016,Astana Continental
Astana City,2017,Astana Continental
Astana City,2018,Astana Continental
Astana City,2019,Astana Continental
Astana Pro Team,2013,Astana
Astana Pro Team,2014,Astana
Astana Pro Team,2015,Astana
Astana Pro Team,2016,Astana
Astana Pro Team,2017,Astana
Astana Pro Team,2018,Astana
Astana Pro Team,2019,Astana
Astana Pro Team,2020,Astana
Astellas Cycling Team,2014,X
Astellas Cycling Team,2015,X
Astellas Cycling Team,2016,X
Atlas Personal - Jakroo,2013,X
Attaque Team Gusto,2015,X
Attaque Team Gusto,2016,X
Attaque Team Gusto,2017,X
Atum general / Tavira / Maria Nova Hotel,2020,Sporting Tavira
Atum general / Tavira / Maria Nova Hotel,2021,X
Auber 93,2015,Auber93
Australia,2013,X
Australia,2014,X
Australia,2015,X
Australia,2016,X
Australia,2017,X
Australia,2018,X
Australia,2019,X
Australian Cycling Academy - Ride Sunshine Coast,2018,ACA Sunshine Coast
Austria,2013,X
Austria,2014,X
Austria,2015,X
Austria,2016,X
Austria,2017,X
Austria,2018,X
Austria,2019,X
Avanti IsoWhey Sport,2016,X
Avanti Racing Team,2014,X
Avanti Racing Team,2015,X
Aviludo - Louletano,2018,X
Aviludo-Louletano,2020,X
AWT-GreenWay,2015,X
Axeon Cycling Team,2015,Hagens Berman
Axeon Hagens Berman,2016,Hagens Berman
Axeon Hagens Berman,2017,Hagens Berman
Ayandeh Continental Team,2014,X
Azerbaijan,2013,X
Azerbaijan,2014,X
Azerbaijan,2016,X
Azerbaijan,2017,X
Azerbaijan,2018,X
Azerbaijan,2019,X
Azerbaijan,2021,X
B&B Hotels - Vital Concept p/b KTM,2020,Vital Concept
B&B Hotels p/b KTM,2021,Vital Concept
Baby-Dump Cyclingteam,2015,X
Baby-Dump Cyclingteam,2016,X
Baby-Dump Cyclingteam,2017,X
Bahrain,2016,X
Bahrain - McLaren,2020,Bahrain McLaren
Bahrain - Victorious,2021,Bahrain McLaren
Bahrain Cycling Academy,2020,X
Bahrain Cycling Academy,2021,X
Bahrain Merida,2019,Bahrain McLaren
Bahrain Merida Pro Cycling Team,2017,Bahrain McLaren
Bahrain Merida Pro Cycling Team,2018,Bahrain McLaren
BAI - Sicasal - Petro de Luanda,2019,X
BAI - Sicasal - Petro de Luanda,2020,X
Baloise - Trek Lions,2021,X
Banco BIC - Carmim,2013,X
Banco BIC - Carmim,2014,X
Bank BGZ,2013,X
Bardiani - CSF,2016,Bardiani
Bardiani - CSF,2017,Bardiani
Bardiani - CSF,2018,Bardiani
Bardiani - CSF,2019,Bardiani
Bardiani - CSF Pro Team,2014,Bardiani
Bardiani - CSF Pro Team,2015,Bardiani
Bardiani Valvole - CSF Inox,2013,Bardiani
Bardiani-CSF-Faizane,2020,Bardiani
Bardiani-CSF-Faizane,2021,Bardiani
Bauknecht - Author,2013,X
Bauknecht - Author,2014,X
BDC Marcpol,2013,X
BDC Marcpol,2014,X
BEAT Cycling,2021,BEAT
BEAT Cycling Club,2018,BEAT
BEAT Cycling Club,2019,BEAT
BEAT Cycling Club,2020,BEAT
Beijing Innova Cycling Team,2015,X
Beijing XDS - Innova Cycling Team,2016,X
Beijing XDS - Innova Cycling Team,2017,X
Beijing XDS - Innova Cycling Team,2018,X
Belarus,2013,X
Belarus,2014,X
Belarus,2015,X
Belarus,2016,X
Belarus,2017,X
Belarus,2018,X
Belarus,2019,X
Belarus,2021,X
BelAZ,2021,X
Belgium,2013,X
Belgium,2014,X
Belgium,2015,X
Belgium,2016,X
Belgium,2017,X
Belgium,2018,X
Belgium,2019,X
Belkin-Pro Cycling Team,2013,Jumbo Visma
Belkin-Pro Cycling Team,2014,Jumbo Visma
Beltrami TSA - Tre Colli,2021,X
Beltrami TSA Marchiol,2020,X
Benediction Excel Energy,2019,X
Benediction Ignite,2021,X
Benediction Ignite XL,2020,X
Benfica Angola,2013,X
Bennelong SwissWellness Cycling Team,2018,X
Beobank - Corendon,2016,X
Beobank - Corendon,2017,X
BetPlay Cycling Team,2019,X
BHS - Almeborg-Bornholm,2017,X
BHS - Almeborg-Bornholm,2018,X
BHS - Almeborg-Bornholm,2019,X
BHS - PL Beton Bornholm,2020,X
BHS - PL Beton Bornholm,2021,X
Bicicletas Strongman,2017,X
Bicicletas Strongman Colombia Coldeportes,2018,X
Biesse Arvedi,2020,Biesse
Biesse Carrera,2019,Biesse
Biesse Carrera Gavardo,2018,Biesse
BigMat - Auber 93,2013,Auber93
BigMat - Auber 93,2014,Auber93
BigMat-Auber93,2013,Auber93
Bike Aid,2015,Bike Aid
Bike Aid,2017,Bike Aid
Bike Aid,2018,Bike Aid
Bike Aid,2019,Bike Aid
Bike Aid,2020,Bike Aid
Bike Aid,2021,Bike Aid
Bike Aid - Ride for Help,2014,Bike Aid
BIKE Channel Canyon,2017,Canyon DHB
Bingoal - Wallonie Bruxelles,2020,Wallonie Bruxelles
Bingoal - Wallonie Bruxelles,2021,Wallonie Bruxelles
Bingoal Pauwels Sauces WB,2021,Wallonie Bruxelles
Bissell  Development Team,2014,X
Bissell Pro Cycling,2013,X
BKCP - Powerplus,2013,Alpecin Fenix
BKCP - Powerplus,2014,Alpecin Fenix
BKCP - Powerplus,2015,Alpecin Fenix
Black Inc Cycling Team,2016,X
Black Spoke Pro Cycling Academy,2020,X
Black Spoke Pro Cycling Academy,2021,X
Blanco Pro Cycling Team,2013,Jumbo Visma
Blue Water Cycling,2013,X
BMC Racing Team,2013,BMC Racing
BMC Racing Team,2014,BMC Racing
BMC Racing Team,2015,BMC Racing
BMC Racing Team,2016,BMC Racing
BMC Racing Team,2017,BMC Racing
BMC Racing Team,2018,BMC Racing
Bohemia Cycling Track Team,2015,X
Bolivia,2016,X
Bontrager  Cycling Team,2013,X
Bora - Argon 18,2015,BORA
Bora - Argon 18,2016,BORA
BORA - hansgrohe,2017,BORA
BORA - hansgrohe,2018,BORA
BORA - hansgrohe,2019,BORA
BORA - hansgrohe,2020,BORA
BORA - hansgrohe,2021,BORA
Boyaca Raza de Campeones,2016,X
Brazil,2013,X
Brazil,2014,X
Brazil,2015,X
Brazil,2016,X
Brazil,2017,X
Brazil,2018,X
Brazil,2019,X
Brazil,2020,X
Bretagne - Seche Environnement,2013,Arkea Samsic
Bretagne - Seche Environnement,2014,Arkea Samsic
Bretagne - Seche Environnement,2015,Arkea Samsic
Bridgestone Anchor Cycling Team,2014,X
Bridgestone Anchor Cycling Team,2015,X
Bridgestone Anchor Cycling Team,2016,X
Bridgestone Anchor Cycling Team,2017,X
Bridgestone Anchor Cycling Team,2018,X
Brisbane Continental Cycling Team,2018,X
Brunei Continental Cycling Team,2019,X
Buenos Aires Provincia,2013,X
Buenos Aires Provincia,2014,X
Buenos Aires Provincia,2015,X
Bulgaria,2013,X
Bulgaria,2015,X
Bulgaria,2016,X
Burgos BH - Castilla y Leon,2013,Burgos
Burgos-BH,2014,Burgos
Burgos-BH,2015,Burgos
Burgos-BH,2016,Burgos
Burgos-BH,2017,Burgos
Burgos-BH,2018,Burgos
Burgos-BH,2019,Burgos
Burgos-BH,2020,Burgos
Burgos-BH,2021,Burgos
Burkina Faso,2013,X
Burkina Faso,2014,X
Burkina Faso,2015,X
Burkina Faso,2016,X
Burkina Faso,2017,X
Burkina Faso,2018,X
Burkina Faso,2019,X
Burkina Faso,2020,X
C Project,2013,X
C Project,2014,X
Caja Rural,2013,Caja Rural
Caja Rural - Seguros RGA,2013,Caja Rural
Caja Rural - Seguros RGA,2014,Caja Rural
Caja Rural - Seguros RGA,2015,Caja Rural
Caja Rural - Seguros RGA,2016,Caja Rural
Caja Rural - Seguros RGA,2017,Caja Rural
Caja Rural - Seguros RGA,2018,Caja Rural
Caja Rural - Seguros RGA,2019,Caja Rural
Caja Rural - Seguros RGA,2020,Caja Rural
Caja Rural - Seguros RGA,2021,Caja Rural
Cambodia Cycling Academy,2020,X
Cambodia Cycling Academy,2021,X
Cameroon,2013,X
Cameroon,2014,X
Cameroon,2015,X
Cameroon,2016,X
Cameroon,2017,X
Cameroon,2018,X
Cameroon,2019,X
Cameroon,2020,X
Canada,2013,X
Canada,2014,X
Canada,2015,X
Canada,2016,X
Canada,2017,X
Canada,2018,X
Canada,2019,X
Canel's - Specialized,2018,X
Canel's - Specialized,2019,X
Canel's Pro Cycling,2020,X
Cannondale,2014,Liquigas
Cannondale Pro Cycling Team,2013,EF Education First
Cannondale Pro Cycling Team,2016,EF Education First
Cannondale-Drapac Pro Cycling Team,2016,EF Education First
Cannondale-Drapac Pro Cycling Team,2017,EF Education First
Canyon dhb p/b Bloor Homes,2019,Canyon DHB
Canyon dhb p/b Soreen,2020,Canyon DHB
Canyon dhb SunGod,2021,Canyon DHB
Canyon Eisberg,2018,Canyon DHB
Carmin - Tavira,2013,X
CC Nogent-sur-Oise,2017,X
CC Nogent-sur-Oise,2019,X
CCB Velotooler,2017,X
CCC Development Team,2019,CCC Poland
CCC Development Team,2020,CCC Poland
CCC Polsat Polkowice,2013,CCC Poland
CCC Polsat Polkowice,2014,CCC Poland
CCC Sprandi Polkowice,2015,CCC Poland
CCC Sprandi Polkowice,2016,CCC Poland
CCC Sprandi Polkowice,2017,CCC Poland
CCC Sprandi Polkowice,2018,CCC Poland
CCC Team,2019,BMC Racing
CCC Team,2020,BMC Racing
CCN Cycling Team,2013,X
CCN Cycling Team,2014,X
CCN Cycling Team,2015,X
CCN Metalac Sunbelt,2021,X
CCT p/b Champion System,2015,X
Ceramica Flaminia - Fondriest,2013,X
Champion System - Stan\'s No Tubes,2015,X
Champion System Pro Cycling Team,2013,X
Charter Mason Giant Racing Team,2015,X
Chile,2013,X
Chile,2014,X
Chile,2015,X
Chile,2016,X
Chile,2017,X
Chile,2018,X
Chile,2019,X
China,2017,X
China Chongming - Giant Pro Cycling,2013,X
China Continental Team of Gansu Bank,2015,X
China Continental Team of Gansu Bank,2016,X
China Continental Team of Gansu Bank,2017,X
China Continental Team of Gansu Bank,2018,X
China Continental Team of Gansu Bank,2019,X
China Hainan HNB Yindongli Cycling Team,2014,X
China Hainan Yindongli Cycling Team,2013,X
China Huasen Cycling Team,2014,X
China Wuxi Jilun Cycling Team,2013,X
China Wuxi Jilun Cycling Team,2014,X
China Yindongi Hainan - Wildto Cycling Team,2015,X
Christina Jewelry Pro Cycling,2016,0711 Cycling
Christina Jewelry-Kuma p/b Officine Mattio,2017,X
Christina Watches - Kuma,2014,X
Christina Watches-Onfone,2013,X
Cibel,2014,Cibel
Cibel,2015,Cibel
Cibel,2019,Cibel
Cibel - Cebon,2016,Cibel
Cibel - Cebon,2017,Cibel
Cibel - Cebon,2018,Cibel
Circus - Wanty Gobert,2020,Wanty Gobert
CK Banska Bystrica,2014,X
CK Banska Bystrica,2015,X
CK Pribram Fany Gastro,2015,X
CK Pribram Fany Gastro,2016,X
CK Pribram Fany Gastro,2017,X
CK Pribram Fany Gastro,2018,X
Clos de Pirque - Trek,2013,X
Clube Dataro de Ciclismo-Bottecchia,2014,X
Cofidis,2013,Cofidis
Cofidis,2014,Cofidis
Cofidis,2015,Cofidis
Cofidis,2016,Cofidis
Cofidis,2017,Cofidis
Cofidis,2018,Cofidis
Cofidis,2019,Cofidis
Cofidis,2020,Cofidis
Cofidis,2021,Cofidis
Colba - Superano Ham,2013,X
Colba - Superano Ham,2015,X
Coldeportes Bicicletas Strongman,2019,X
Coldeportes Zenu,2019,X
Coldeportes Zenu Sello Rojo,2018,X
Colombia,2013,X
Colombia,2014,X
Colombia,2015,X
Colombia,2016,X
Colombia,2017,X
Colombia,2018,X
Colombia,2019,X
Colombia,2020,X
Colombia - Coldeportes,2013,X
Colombia Tierra de Atletas - GW Bicicletas,2020,X
ColoQuick,2015,ColoQuick
ColoQuick,2018,ColoQuick
ColoQuick,2019,ColoQuick
ColoQuick,2021,ColoQuick
ColoQuick CULT,2016,ColoQuick
ColoQuick CULT,2017,ColoQuick
ColoQuick,2020,ColoQuick
Color Code - Aquality Protect,2015,X
Color Code - Arden 'Beef',2016,X
Color Code - Biowanze,2013,X
Color Code - Biowanze,2014,X
Concordia Forsikring - Riwal,2013,X
Continental Team Astana,2013,Astana Continental
Continental Team Astana,2014,X
Corendon - Circus,2019,Alpecin Fenix
Corendon - Kwadro,2015,X
Corendon-Circus,2018,Alpecin Fenix
Costa Rica,2013,X
Costa Rica,2014,X
Costa Rica,2015,X
Costa Rica,2016,X
Costa Rica,2017,X
Costa Rica,2018,X
Costa Rica,2019,X
Crelan - Vastgoedservice,2016,X
Crelan-Euphony,2013,X
Croatia,2013,X
Croatia,2014,X
Croatia,2015,X
Croatia,2016,X
Croatia,2018,X
Croatia,2019,X
CSA Steaua Bucharest,2021,X
Cuba,2013,X
Cuba,2014,X
Cuba,2015,X
Cuba,2016,X
Cuba,2018,X
Cuba,2019,X
Cult Energy Pro Cycling,2015,Cult Energy
Cult Energy Vital Water,2014,Cult Energy
Customs Cycling Team,2019,X
Cycling Academy Team,2015,Israel Startup Nation
Cycling Academy Team,2016,Israel Startup Nation
Cycling Academy Trencin,2021,X
Cycling Team A De Jong,2019,X
Cycling Team de Rijke-Shanks,2013,X
Cycling Team Friuli,2019,X
Cycling Team Friuli ASD,2021,X
Cyclingteam de Rijke,2014,X
Cyclingteam Jo Piels,2013,X
Cyclingteam Jo Piels,2014,X
Cyclingteam Jo Piels,2015,X
Cyclingteam Jo Piels,2016,X
Cyclingteam Join's - De Rijke,2015,X
Cyclingteam Join's - De Rijke,2016,X
Cyclus Sports,2018,X
Cylance - Incycle,2016,X
Cylance Cycling,2017,X
Czech Republic,2013,X
Czech Republic,2014,X
Czech Republic,2015,X
Czech Republic,2016,X
Czech Republic,2017,X
Czech Republic,2018,X
Czech Republic,2019,X
d'Amico - Bottecchia,2015,X
d'Amico - Bottecchia,2016,X
D'Amico - UM Tools,2019,X
D'Amico - UM Tools,2021,X
d'Amico - Utensilnord,2017,X
d'Amico - Utensilnord,2018,X
Dare Gaviota,2018,X
Dare Gobik,2016,X
Dare Viator Partizan,2017,X
Data#3 Cisco Racing Team p/b Scody,2016,X
Data#3 Symantec team p/b Scody,2015,X
Dauner D&DQ-Akkon,2017,X
Dauner D&DQ-Akkon,2018,X
Dauner D&DQ-Akkon,2019,X
Dauner D&DQ-Akkon,2021,X
DCBank Pro Cycling Team,2019,X
Deceuninck - Quick Step,2019,Quick Step
Deceuninck - Quick Step,2020,Quick Step
Deceuninck - Quick Step,2021,Quick Step
DELKO,2021,Delko
Delko Marseille Provence,2019,Delko
Delko Marseille Provence KTM,2016,Delko
Delko Marseille Provence KTM,2017,Delko
Delko Marseille Provence KTM,2018,Delko
Delta Cycling Rotterdam,2017,X
Delta Cycling Rotterdam,2018,X
Denmark,2013,X
Denmark,2014,X
Denmark,2015,X
Denmark,2016,X
Denmark,2017,X
Denmark,2018,X
Denmark,2019,X
Deprisa Team,2019,X
Destil - Jo Piels Cycling Team,2017,X
DESTIL - Parkhotel Valkenburg,2018,X
Development Team DSM,2021,X
Development Team Giant-Shimano,2014,X
Development Team Sunweb,2017,Sunweb Development
Development Team Sunweb,2018,Sunweb Development
Development Team Sunweb,2019,Sunweb Development
DFT cycling team,2018,X
Dimension Data for Qhubeka,2016,NTT Continental
Dimension Data for Qhubeka,2017,NTT Continental
Dimension Data for Qhubeka,2018,NTT Continental
Dimension Data for Qhubeka,2019,NTT Continental
Direct Energie,2016,Direct Energie
Direct Energie,2017,Direct Energie
Direct Energie,2018,Direct Energie
Direct Energie,2019,Direct Energie
Doltcini Flanders,2013,X
Domin Sport,2017,X
Dominican Republic,2016,X
Drapac Cycling Team,2013,Drapac Continential Team
Drapac EF Cycling,2018,EF Education First
Drapac Pat's Veg Holistic Development Team,2017,Drapac Continential Team
Drapac Professional Cycling,2014,Drapac Continential Team
Drapac Professional Cycling,2015,Drapac Continential Team
Drapac Professional Cycling,2016,Drapac Continential Team
Drapac-Cannondale Holistic Development Team,2019,Drapac Continential Team
Dukla Banska Bystrica,2016,X
Dukla Banska Bystrica,2017,X
Dukla Banska Bystrica,2018,X
Dukla Banska Bystrica,2019,X
Dukla Banska Bystrica,2020,X
Dukla Banska Bystrica,2021,X
Dukla Trencin Trek,2013,X
Dukla Trencin Trek,2014,X
Ecuador,2013,X
Ecuador,2014,X
Ecuador,2015,X
Ecuador,2016,X
Ecuador,2018,X
Ecuador,2019,X
Ecuador,2020,X
EF Education - Nippo,2021,EF Education Firs
EF Education First,2019,EF Education First
EF Pro Cycling,2020,EF Education First
Efapel,2015,Efapel
Efapel,2016,Efapel
Efapel,2017,Efapel
Efapel,2018,Efapel
Efapel,2019,Efapel
Efapel,2020,Efapel
Efapel,2021,Efapel
Efapel - Glassdrive,2013,Efapel
Efapel - Glassdrive,2014,Efapel
Egypt,2016,X
Electro Hiper Europa,2021,X
Elevate - KHS Pro Cycling,2017,Elevate
Elevate - KHS Pro Cycling,2018,Elevate
Elevate - KHS Pro Cycling,2019,Elevate
Elevate - Webiplex Pro Cycling,2020,Elevate
Elevate Pro Cycling p/b Bicycle World,2016,Elevate
Elkov - Author Cycling Team,2017,Elkov Author
Elkov - Author Cycling Team,2018,Elkov Author
Elkov - Author Cycling Team,2019,Elkov Author
Elkov - Kasper,2021,X
EOLO-Kometa,2021,Eolo Kometa
EPM,2017,X
EPM,2018,X
EPM,2019,X
EPM - Scott,2020,X
EPM - UNE,2013,X
EPM-UNE-Area Metropolitana,2014,X
EPM-UNE-Area Metropolitana,2015,X
EPM-UNE-Area Metropolitana,2016,X
Equipe Continental Orgullo Paisa,2020,X
Equipe continentale Groupama-FDJ,2019,FDJ Continental
Equipe continentale Groupama-FDJ,2020,FDJ Continental
Equipe continentale Groupama-FDJ,2021,FDJ Continental
Equipe Cycliste Armee de Terre,2015,X
Equipe Cycliste Armee de Terre,2016,X
Equipe Cycliste Armee de Terre,2017,X
Equipo Bolivia,2017,X
Equipo Continental Municipalidad de Pocito,2017,X
Equipo Continental Municipalidad de Pocito,2018,X
Equipo Continental Municipalidad de Pocito,2019,X
Equipo Continental Municipalidad de Pocito,2020,X
Equipo Continental Supergiros,2020,X
Equipo de ciclismo Coldeportes Zenu,2017,X
Equipo Kern Pharma,2020,Kern Pharma
Equipo Kern Pharma,2021,Kern Pharma
Era - Circus,2017,X
Era-MurProtec,2016,X
Eritrea,2013,X
Eritrea,2014,X
Eritrea,2015,X
Eritrea,2016,X
Eritrea,2017,X
Eritrea,2018,X
Eritrea,2019,X
Eritrea,2020,X
Estonia,2013,X
Estonia,2014,X
Estonia,2015,X
Estonia,2016,X
Estonia,2017,X
Estonia,2018,X
Estonia,2019,X
Ethiopia,2013,X
Ethiopia,2016,X
Ethiopia,2017,X
Ethiopia,2018,X
Ethiopia,2019,X
Ethiopia,2020,X
Etixx,2014,X
Etixx - Quick Step,2015,Quick Step
Etixx - Quick Step,2016,Quick Step
Etixx-iHNed,2013,X
Eurocar Grawe Ukraine,2021,X
EuroCyclingTrips - CMI Pro Cycling Team,2021,X
Euskadi,2013,X
Euskadi,2014,X
Euskadi - Murias,2018,Euskadi
Euskadi Basque Country - Murias,2016,Euskadi
Euskadi Basque Country - Murias,2017,Euskadi
Euskadi Basque Country - Murias,2019,Euskadi
Euskaltel - Euskadi,2020,Euskaltel - Euskadi
Euskaltel - Euskadi,2013,Euskaltel Euskadi
Euskaltel - Euskadi,2021,Euskaltel - Euskadi
EvoPro Racing,2019,EvoPro
EvoPro Racing,2020,EvoPro
EvoPro Racing,2021,EvoPro
Experiment 23,2013,X
Experiment 23,2014,X
FDJ,2013,FDJ
FDJ,2015,FDJ
FDJ,2016,FDJ
FDJ,2017,FDJ
FDJ.fr,2013,FDJ
FDJ.fr,2014,FDJ
Fengsheng Sports DFT Team,2019,X
Ferei - CCN,2021,X
Ferei Pro Cycling Team,2019,X
Finland,2013,X
Finland,2014,X
Finland,2015,X
Finland,2016,X
Finland,2017,X
Finland,2018,X
Finland,2019,X
FireFighters Upsala CK,2014,X
Floyd's Pro Cycling,2019,X
Foolad Mobarakeh Sepahan,2019,X
Forca Amskins Racing,2018,X
Fortuneo - Oscaro,2017,Arkea Samsic
Fortuneo - Vital Concept,2016,Arkea Samsic
France,2013,X
France,2014,X
France,2015,X
France,2016,X
France,2017,X
France,2018,X
France,2019,X
Froy - Bianchi,2013,X
Froy - Bianchi,2014,X
Fundacion - Orbea,2020,Fundacion Orbea
Fundacion Euskadi,2018,Fundacion Orbea
Fundacion Euskadi,2019,Fundacion Orbea
Funvic - Sao Jose dos Campos,2015,X
Funvic Brasilinvest - Sao Jose dos Campos,2013,X
Funvic Brasilinvest - Sao Jose dos Campos,2014,X
Funvic Soul Cycles - Carrefour,2016,X
Futuro - Maxxis Pro Cycling,2019,Futuro Maxxis
Gabon,2013,X
Gabon,2014,X
Gabon,2015,X
Gabon,2016,X
Gabon,2018,X
Gabon,2019,X
Gabon,2020,X
Gallina Ecotek Colosio,2021,X
Gan Su Sports Lottery Cycling Team,2013,X
Gan Su Sports Lottery Cycling Team,2014,X
Gapyeong Cycling Team,2017,X
Gapyeong Cycling Team,2018,X
Gapyeong Cycling Team,2019,X
Garmin Sharp,2013,EF Education First
Garmin Sharp,2014,EF Education First
Garneau - Quebecor,2014,X
Garneau - Quebecor,2016,X
Garneau - Quebecor,2017,X
Gazprom - RusVelo,2020,Gazprom
Gazprom - RusVelo,2021,Gazprom
Gazprom-RusVelo,2016,Gazprom
Gazprom-RusVelo,2017,Gazprom
Gazprom-RusVelo,2018,Gazprom
Gazprom-RusVelo,2019,Gazprom
Gebruder Weiss - Oberndorfer,2014,X
General Store Essegibi F.lli Curia,2020,X
General Store Essegibi F.lli Curia,2021,X
Georgia,2014,X
Georgia,2015,X
Germany,2013,X
Germany,2014,X
Germany,2015,X
Germany,2016,X
Germany,2017,X
Germany,2018,X
Germany,2019,X
Geumsan Insam Cello,2014,X
Geumsan Insam Cello,2015,X
Geumsan Insam Cello,2016,X
Geumsan Insam Cello,2017,X
Geumsan Insam Cello,2018,X
Geumsan Insam Cello,2019,X
Ghana,2019,X
Giant Cycling Team,2017,X
Giant Cycling Team,2018,X
Giant Cycling Team,2019,X
Giant-Champion System Pro Cycling,2014,X
Giant-Champion System Pro Cycling,2015,X
Giant-Champion System Pro Cycling,2016,X
Gios,2021,Java Kiwi
Gios Kiwi Atlantico,2020,Java Kiwi
Gios Kiwi Atlantico,2021,Java Kiwi
Giotti Victoria,2020,Giotta Victoria
Giotti Victoria - Palomar,2019,Giotta Victoria
Giotti Victoria - Savini Due,2021,Giotta Victoria
Global 6 Cycling,2021,Global 6 Cycling
GM Cycling Team,2015,X
GM Europa Ovini,2016,X
GM Europa Ovini,2017,X
Great Britain,2013,X
Great Britain,2014,X
Great Britain,2015,X
Great Britain,2016,X
Great Britain,2017,X
Great Britain,2018,X
Great Britain,2019,X
Greece,2013,X
Greece,2014,X
Greece,2015,X
Greece,2016,X
Greece,2017,X
Greece,2018,X
Greece,2019,X
Groupama - FDJ,2018,FDJ
Groupama - FDJ,2019,FDJ
Groupama - FDJ,2020,FDJ
Groupama - FDJ,2021,FDJ
Groupement Sportif des Petroliers,2020,X
Groupement Sportif Petrolier Algerie,2013,X
Guatemala,2015,X
Guatemala,2016,X
Guerciotti - Kiwi Atlantico,2019,Java Kiwi
Gun Ay Tabriz Team,2018,X
GW - Shimano,2014,X
GW - Shimano,2016,X
GW - Shimano,2017,X
GW - Shimano,2018,X
GW - Shimano,2019,X
H&R Block Pro Cycling,2015,X
H&R Block Pro Cycling,2016,X
H&R Block Pro Cycling,2017,X
H&R Block Pro Cycling,2018,X
Hagens Berman Axeon,2018,Hagens Berman
Hagens Berman Axeon,2019,Hagens Berman
Hagens Berman Axeon,2020,Hagens Berman
Hagens Berman Axeon,2021,Hagens Berman
Hainan Jilun Cycling Team,2017,X
Hainan Jilun Cycling Team,2018,X
Hangar 15 Bicycles,2017,X
HE BEI CHINA,2015,X
Heizomat Rad-Net,2018,Rad - Net
Heizomat Rad-Net,2019,Rad - Net
Helicopters,2013,X
Hengxiang Cycling Team,2013,X
Hengxiang Cycling Team,2014,X
Hengxiang Cycling Team,2015,X
Hengxiang Cycling Team,2017,X
Hengxiang Cycling Team,2018,X
Hengxiang Cycling Team,2019,X
Herrmann Radteam,2019,X
Hincapie Racing Team,2015,Hincapie
Hincapie Sportswear Development Team,2013,Hincapie
Hincapie Sportswear Development Team,2014,Hincapie
HKSI Pro Cycling Team,2014,Hong Kong SI
HKSI Pro Cycling Team,2015,Hong Kong SI
HKSI Pro Cycling Team,2016,Hong Kong SI
HKSI Pro Cycling Team,2017,Hong Kong SI
HKSI Pro Cycling Team,2018,Hong Kong SI
HKSI Pro Cycling Team,2019,Hong Kong SI
HKSI Pro Cycling Team,2020,Hong Kong SI
Holdsworth Pro Racing,2018,X
Holowesko - Citadel p/b Arapahoe Resources,2018,Hincapie
Holowesko-Citadel Racing Team,2016,Hincapie
Holowesko-Citadel Racing Team,2017,Hincapie
Hong Kong China,2013,X
Hong Kong China,2014,X
Hong Kong China,2016,X
Hong Kong China,2017,X
Hong Kong China,2019,X
Hongkong,2018,X
HP BTP - Auber93,2016,Auber93
HP BTP - Auber93,2017,Auber93
HRE Mazowsze Serce Polski,2021,HRE Mazowsze
Hungary,2013,X
Hungary,2015,X
Hungary,2016,X
Hungary,2017,X
Hungary,2018,X
Hungary,2019,X
Huon Salmon Genesys Wealth Advisers p/b Praties,2013,X
Hy Sport - Look Continental Cycling,2016,X
IAM Cycling,2013,IAM Cycling
IAM Cycling,2014,IAM Cycling
IAM Cycling,2015,IAM Cycling
IAM Cycling,2016,IAM Cycling
IAM Excelsior,2019,X
Iceland,2019,X
InCycle-Cannondale Pro Cycling,2015,X
InCycle-Predator Components,2014,X
India,2016,X
Indonesia,2013,X
Indonesia,2014,X
Indonesia,2018,X
Indonesia,2019,X
INEOS Grenadiers,2020,Sky
INEOS Grenadiers,2021,Sky
Inex,2021,X
Infinite AIS Cycling Team,2017,X
Inteja - MMR Dominican Cycling Team,2015,X
Inteja Dominican Cycling Team,2017,X
Inteja Dominican Cycling Team,2018,X
Inteja Imca Ridea DCT,2019,X
Inteja-MMR Dominican Cycling Team,2016,X
Intermarche - Wanty - Gobert Materiaux,2021,Wanty Gobert
Interpro Cycling Academy,2017,X
Interpro Cycling Academy,2019,X
Interpro Stradalli Cycling,2018,X
Iran,2014,X
Iran,2015,X
Iran,2016,X
Iran,2017,X
Iran,2018,X
Iran,2019,X
Iran National Cism Team,2017,X
Ireland,2013,X
Ireland,2014,X
Ireland,2015,X
Ireland,2016,X
Ireland,2017,X
Ireland,2018,X
Ireland,2019,X
IRT Racing,2015,X
ISD Continental Team,2013,X
ISD Continental Team,2014,X
ISD Continental Team,2015,X
ISD-Jorbi Continental Team,2016,X
ISD-Jorbi Continental Team,2017,X
Iseo Serrature - Rime - Carnovali,2019,Iseo Serrature
Iseo Serrature - Rime - Carnovali,2020,Iseo Serrature
Iseo Serrature - Rime - Carnovali,2021,Iseo Serrature
IsoWhey Sports SwissWellness team,2017,X
Israel,2016,X
Israel,2019,X
Israel Cycling Academy,2017,Israel Startup Nation
Israel Cycling Academy,2018,Israel Startup Nation
Israel Cycling Academy,2019,Israel Startup Nation
Israel Cycling Academy,2020,Israel Startup Nation
Israel Cycling Academy,2021,X
Israel Start-Up Nation,2020,Israel Startup Nation
Israel Start-Up Nation,2021,Israel Startup Nation
Italomat - Dogo,2017,X
Italy,2013,X
Italy,2014,X
Italy,2015,X
Italy,2016,X
Italy,2017,X
Italy,2018,X
Italy,2019,X
Italy,2020,X
Italy,2021,X
Itera - Katusha,2013,X
Itera - Katusha,2014,X
Itera - Katusha,2015,X
Ivory Coast,2013,X
Ivory Coast,2014,X
Ivory Coast,2015,X
Ivory Coast,2016,X
Ivory Coast,2017,X
Ivory Coast,2018,X
Ivory Coast,2019,X
Ivory Coast,2020,X
Jamis - Hagens Berman,2013,Team Jamis
Jamis - Hagens Berman,2014,Team Jamis
Jamis - Hagens Berman,2015,Team Jamis
Japan,2013,X
Japan,2014,X
Japan,2015,X
Japan,2016,X
Japan,2017,X
Japan,2018,X
Japan,2019,X
Java-Partizan Pro Cycling Team,2018,X
Jayco U23 National Team,2014,X
Jayco-AIS Under-23 National Team,2015,X
Jelly Belly p/b Kenda,2013,Jelly Belly
Jelly Belly p/b Maxxis,2014,Jelly Belly
Jelly Belly p/b Maxxis,2015,Jelly Belly
Jelly Belly p/b Maxxis,2016,Jelly Belly
Jelly Belly p/b Maxxis,2017,Jelly Belly
Jelly Belly p/b Maxxis,2018,Jelly Belly
Jilun Shakeland Cycling Team,2016,X
JLT Condor,2015,X
JLT Condor,2016,X
JLT Condor,2017,X
JLT Condor,2018,X
Joker Fuel of Norway,2019,Joker Fuel
Josan - To Win Cycling Team,2014,X
Jumbo-Visma Development Team,2021,Jumbo Visma Dev Team
Jumbo-Visma Development Team,2021,Jumbo Visma Dev Team
Kazakhstan,2013,X
Kazakhstan,2014,X
Kazakhstan,2015,X
Kazakhstan,2016,X
Kazakhstan,2017,X
Kazakhstan,2018,X
Kazakhstan,2019,X
Kazakhstan,2021,X
Keith Mobel - Partizan,2014,X
Keith Mobel - Partizan,2015,X
Kelly / InOutBuild / UD Oliveirense,2020,Liberty Seguros Carglass
Kelly / Simoldes / UDO,2021,X
Kemo Dukla Trencin,2015,X
Kenya,2013,X
Kenya,2019,X
Kenyan Riders Downunder,2016,X
Keyi Look Cycling Team,2017,X
KFC Cycling Team,2018,X
KFC Cycling Team,2019,X
Kinan Cycling Team,2015,X
Kinan Cycling Team,2016,X
Kinan Cycling Team,2017,X
Kinan Cycling Team,2018,X
Kinan Cycling Team,2019,X
Kinan Cycling Team,2020,X
KK Kranj,2021,X
Klein Constantia,2016,X
Kobanya Cycling Team,2018,X
Koga Cycling Team,2013,X
Koga Cycling Team,2014,X
Kolss BDC Team,2015,X
Kolss BDC Team,2016,X
Kolss Cycling Team,2013,X
Kolss Cycling Team,2014,X
Kolss Cycling Team,2017,X
Kometa Cycling Team,2019,Eolo Kometa
Kometa Xstra Cycling Team,2020,Eolo Kometa
Konya Torku Sekerspor,2013,X
Korail Cycling Team,2014,X
Korail Cycling Team,2015,X
Korail Cycling Team,2016,X
Korail Cycling Team,2017,X
Korail Cycling Team,2018,X
Korda Mentha Real Estate Australia,2017,X
Korda Mentha Real Estate Australia,2019,X
Korda Mentha Real Estate Australia,2020,X
KordaMentha Australian Team,2015,X
KordaMentha Team Australia,2014,X
Kosovo,2016,X
KSPO,2013,X
KSPO,2014,X
KSPO,2015,X
KSPO,2016,X
KSPO,2017,X
KSPO Bianchi Asia Procycling,2018,X
KSPO Bianchi Asia Procycling,2019,X
KSPO Professional,2020,X
Kunbao Sport Continental Cycling Team,2019,X
Kuwait,2016,X
Kuwait,2018,X
Kuwait,2019,X
Kuwait - Cartucho.es,2017,X
Kuwait Pro Cycling Team,2021,X
L.A. Aluminios / L.A. Sport,2020,LA Aluminios
L.A. Aluminios / L.A. Sport,2021,LA Aluminios
LA Aluminios,2018,LA Aluminios
LA Aluminios,2019,LA Aluminios
LA Aluminios - Antarte,2013,LA Aluminios
LA Aluminios - Antarte,2014,LA Aluminios
LA Aluminios - Antarte,2015,LA Aluminios
LA Aluminios - Antarte,2016,LA Aluminios
LA Aluminios-Metalusa,2017,LA Aluminios
La Pomme Marseille,2013,Delko
Lampre - Merida,2013,UAE Team
Lampre - Merida,2014,UAE Team
Lampre - Merida,2015,UAE Team
Lampre - Merida,2016,UAE Team
Laos,2016,X
Las Vegas Power Energy Drink,2013,X
Latvia,2013,X
Latvia,2014,X
Latvia,2015,X
Latvia,2016,X
Latvia,2017,X
Latvia,2018,X
Latvia,2019,X
LBC - MVP Sports Foundation Cycling Team,2014,X
Leopard - Trek Continental Team,2013,Leopard Development
Leopard Development Team,2014,Leopard Development
Leopard Development Team,2015,Leopard Development
Leopard Pro Cycling,2016,Leopard Development
Leopard Pro Cycling,2017,Leopard Development
Leopard Pro Cycling,2018,Leopard Development
Leopard Pro Cycling,2019,Leopard Development
Leopard Pro Cycling,2020,Leopard Development
Leopard Pro Cycling,2021,Leopard Development
Liberty Seguros - Carglass,2018,Liberty Seguros Carglass
Lithuania,2013,X
Lithuania,2014,X
Lithuania,2015,X
Lithuania,2016,X
Lithuania,2017,X
Lithuania,2018,X
Lithuania,2019,X
Ljubljana Gusto Santic,2019,Ljubljana Gusto
Ljubljana Gusto Santic,2021,Ljubljana Gusto
Ljubljana Gusto Xaurum,2018,Ljubljana Gusto
LKT Team Brandenburg,2013,X
LKT Team Brandenburg,2014,X
LKT Team Brandenburg,2015,X
LKT Team Brandenburg,2016,X
LKT Team Brandenburg,2017,X
LKT Team Brandenburg,2018,X
LKT Team Brandenburg,2019,X
Lokosphinx,2013,Lokosphinx
Lokosphinx,2014,Lokosphinx
Lokosphinx,2015,Lokosphinx
Lokosphinx,2016,Lokosphinx
Lokosphinx,2017,Lokosphinx
Lokosphinx,2018,Lokosphinx
Lokosphinx,2019,Lokosphinx
Lokosphinx,2020,Lokosphinx
Los Cascos Esco - Agroplan,2017,X
Los Matanceros,2016,X
Lotto Belisol,2014,Lotto Soudal
Lotto Belisol Team,2013,Lotto Soudal
Lotto Fix All,2018,X
Lotto Soudal,2015,Lotto Soudal
Lotto Soudal,2016,Lotto Soudal
Lotto Soudal,2017,Lotto Soudal
Lotto Soudal,2018,Lotto Soudal
Lotto Soudal,2019,Lotto Soudal
Lotto Soudal,2020,Lotto Soudal
Lotto Soudal,2021,Lotto Soudal
Lotus Cycling Team,2021,X
Louletano - Dunas Douradas,2013,X
Louletano - Dunas Douradas,2014,X
Louletano - Hospital de Loule,2016,X
Louletano - Hospital de Loule,2017,X
Louletano - Loule Concelho,2021,X
Louletano - Ray Just Energy,2015,X
Ludofoods Louletano Aviludo,2019,X
Lupus Racing Team,2015,X
Lupus Racing Team,2016,X
Luxembourg,2013,X
Luxembourg,2014,X
Luxembourg,2015,X
Luxembourg,2016,X
Luxembourg,2017,X
Luxembourg,2018,X
Luxembourg,2019,X
Lviv Continental Cycling Team,2021,Lviv Cycling
Lviv Cycling Team,2018,Lviv Cycling
LX  - IIBS Cycling team,2016,X
LX Cycling Team,2017,X
LX Cycling Team,2018,X
LX Cycling Team,2019,X
Macedonia,2019,X
Madison Genesis,2013,X
Madison Genesis,2014,X
Madison Genesis,2015,X
Madison Genesis,2016,X
Madison Genesis,2017,X
Madison Genesis,2018,X
Madison Genesis,2019,X
Malak Cycling Team,2013,X
Malaysia,2013,X
Malaysia,2014,X
Malaysia,2015,X
Malaysia,2016,X
Malaysia,2017,X
Malaysia,2018,X
Malaysia,2019,X
Malaysia,2020,X
Maloja Pushbikers,2019,WSA Greenlife
Maloja Pushbikers,2020,WSA Greenlife
Maloja Pushbikers,2021,WSA Greenlife
Manzana Postobon,2017,Manzana Postobon
Manzana Postobon,2018,Manzana Postobon
Manzana Postobon,2019,Manzana Postobon
Marathon-Tula Cycling Team,2021,X
Marchiol Emisfero,2014,Akros
Marlux - Bingoal,2018,Pauwels Sauzen
Marlux - Napoleon Games,2016,Pauwels Sauzen
Marlux - Napoleon Games,2017,Pauwels Sauzen
Massi - Kuwait Cycling Project,2016,X
Massi - Kuwait Cycling Project,2017,X
Massi - Kuwait Team,2018,X
Massi Vivo - Conecta,2021,Massi Vivo
Massi Vivo - Grupo Oresy,2019,Massi Vivo
Matrix Powertag,2013,X
Matrix Powertag,2014,X
Matrix Powertag,2015,X
Matrix Powertag,2016,X
Matrix Powertag,2017,X
Matrix Powertag,2018,X
Matrix Powertag,2019,X
Mauritius,2019,X
Max Success Sports,2013,X
Mazowsze Serce Polski,2020,HRE Mazowsze
Mazowsze Serce Polski,2021,HRE Mazowsze
mebloJOGI Pro-concrete,2021,X
Medellin,2018,Medellin
Medellin,2019,Medellin
Medellin - Inder,2017,Medellin
Mega Saray,2021,X
MEIYO CCN Pro Cycling Team,2021,Memil Pro Cycling
Memil - CCN Pro Cycling,2018,Memil Pro Cycling
Memil - CCN Pro Cycling,2019,Memil Pro Cycling
Memil - CCN Pro Cycling,2020,Memil Pro Cycling
Memil Pro Cycling,2017,Memil Pro Cycling
Meridiana Kamen Team,2013,X
Meridiana Kamen Team,2014,X
Meridiana Kamen Team,2015,X
Meridiana Kamen Team,2016,X
Meridiana Kamen Team,2017,X
Meridiana Kamen Team,2018,X
Meridiana Kamen Team,2019,X
Meridiana Kamen Team,2021,X
Metec - Solarwatt p/b Mantel,2021,X
Metec - TKH Continental Cyclingteam,2013,X
Metec - TKH Continental Cyclingteam,2014,X
Metec - TKH Continental Cyclingteam p/b Mantel,2015,X
Metec - TKH Continental Cyclingteam p/b Mantel,2016,X
Metec - TKH Continental Cyclingteam p/b Mantel,2017,X
Metec - TKH Continental Cyclingteam p/b Mantel,2018,X
Metec - TKH Continental Cyclingteam p/b Mantel,2019,X
Metec - TKH Continental Cyclingteam p/b Mantel,2020,X
Mexico,2013,X
Mexico,2016,X
Mexico,2017,X
Mexico,2019,X
Mexller,2014,X
MG Kvis - Wilier,2014,Color for Peace MG.K
Mg.k Vis VPM,2021,Color for Peace MG.K
MG.Kvis Vega,2015,Color for Peace MG.K
Minsk Cycling Club,2015,Minsk Cycling
Minsk Cycling Club,2016,Minsk Cycling
Minsk Cycling Club,2017,Minsk Cycling
Minsk Cycling Club,2018,Minsk Cycling
Minsk Cycling Club,2019,Minsk Cycling
Minsk Cycling Club,2020,Minsk Cycling
Minsk Cycling Club,2021,Minsk Cycling
Miranda - Mortagua,2018,X
Miranda - Mortagua,2019,X
Miranda - Mortagua,2020,X
Mitchelton - BikeExchange,2018,X
Mitchelton - BikeExchange,2019,X
Mitchelton Scott,2017,Mitchelton Scott
Mitchelton-Scott,2018,Mitchelton Scott
Mitchelton-Scott,2019,Mitchelton Scott
Mitchelton-Scott,2020,Mitchelton Scott
MLP Team Bergstra?e,2014,X
MLP Team Bergstra?e,2015,X
Mobius-BridgeLane,2018,Team BridgeLane
Moldova,2013,X
Moldova,2014,X
Moldova,2016,X
Moldova,2018,X
Mongolia,2013,X
Mongolia,2014,X
Mongolia,2015,X
Mongolia,2016,X
Mongolia,2018,X
Monkey Town - a Bloc CT,2019,ABLOC
Monkey Town Continental Team,2017,ABLOC
Monkey Town Continental Team,2018,ABLOC
Montenegro,2016,X
Morocco,2013,X
Morocco,2014,X
Morocco,2015,X
Morocco,2016,X
Morocco,2017,X
Morocco,2018,X
Morocco,2019,X
Morocco,2020,X
Motiv3 Pro-Cycling Team,2014,X
Movistar Team,2013,Movistar
Movistar Team,2014,Movistar
Movistar Team,2015,Movistar
Movistar Team,2016,Movistar
Movistar Team,2017,Movistar
Movistar Team,2018,Movistar
Movistar Team,2019,Movistar
Movistar Team,2020,Movistar
Movistar Team,2021,Movistar
MsTina-Focus,2018,Giotta Victoria
MTN - Qhubeka,2013,NTT
MTN - Qhubeka,2014,NTT
MTN - Qhubeka,2015,NTT
MTN-Qhubeka WCC,2013,X
Municipalidad de Rawson Somos Todos,2017,X
Municipalidad de Rawson Somos Todos,2018,X
Municipalidad de Rawson Somos Todos,2019,X
Municipalidad de Rawson Somos Todos,2020,X
Murias Taldea,2015,Euskadi
My Bike - Stevens,2018,X
Myanmar,2017,X
NA,2019,X
Namibia,2014,X
Namibia,2016,X
Namibia,2019,X
Nankang - Fondriest,2014,X
NASR-DUBAI,2016,X
Nasu Blasen,2015,X
Nasu Blasen,2016,X
Nasu Blasen,2017,X
Nasu Blasen,2018,X
Nasu Blasen,2019,X
Natura4Ever - Roubaix Lille Metropole,2019,Roubaix Lille
Natura4Ever - Roubaix Lille Metropole,2020,Roubaix Lille
Navitas Satalyst Racing team,2015,X
Neri Sottoli,2014,Vini Zabu
Neri Sottoli - Selle Italia - KTM,2019,Vini Zabu
Nero Continental,2020,X
Nero Continental,2021,X
Netherlands,2013,X
Netherlands,2014,X
Netherlands,2015,X
Netherlands,2016,X
Netherlands,2017,X
Netherlands,2018,X
Netherlands,2019,X
New Zealand,2013,X
New Zealand,2014,X
New Zealand,2015,X
New Zealand,2016,X
New Zealand,2017,X
New Zealand,2018,X
New Zealand,2019,X
Nex CCN Cycling Team,2018,X
NFTO,2014,X
NFTO,2015,X
NFTO,2016,X
Nice Pro Cycling Team,2017,X
Ningxia Sports Lottery - Focus Cycling team,2015,X
Ningxia Sports Lottery - Focus Cycling team,2016,X
Ningxia Sports Lottery - Livall Cycling team,2017,X
Ningxia Sports Lottery - Livall Cycling team,2018,X
Ningxia Sports Lottery - Livall Cycling team,2019,X
Ningxia Sports Lottery - Livall Cycling Team,2019,X
Ningxia Sports Lottery Cycling Team,2014,X
Nippo - Vini Fantini,2015,Nippo Vini Fantini
Nippo - Vini Fantini,2016,Nippo Vini Fantini
Nippo - Vini Fantini,2017,Nippo Vini Fantini
Nippo - Vini Fantini - Europa Ovini,2018,Nippo Vini Fantini
NIPPO DELKO One Provence,2020,Delko
Nippo Vini Fantini Faizane,2019,Nippo Vini Fantini
Node4 - Giordana Racing Team,2013,X
Norda-MG.Kvis Vega,2016,X
Norway,2013,X
Norway,2014,X
Norway,2015,X
Norway,2016,X
Norway,2017,X
Norway,2018,X
Norway,2019,X
NSC Cycling Team,2015,X
NSC Mycron,2016,X
NSW Institute of Sport,2017,X
NTT Continental Cycling Team,2020,NTT Continental
NTT Pro Cycling,2020,NTT
Nutrixxion ABUS,2013,X
OCBC Singapore Continental Cycling Team,2013,X
OCBC Singapore Continental Cycling Team,2014,X
OFM - Quinta da Lixa,2013,X
OFM - Quinta da Lixa,2014,X
Oliver's Real Food,2018,Olivers Racing
Oliver's Real Food,2019,Olivers Racing
Oliver's Real Food,2020,Olivers Racing
Oliver's Real Food,2021,Olivers Racing
Oman,2016,X
Omega Pharma - Quick-Step,2013,Quick Step
Omega Pharma - Quick-Step,2014,Quick Step
Omidnia Mashhad Team,2019,X
One Pro Cycling,2015,X
One Pro Cycling,2016,X
One Pro Cycling,2017,X
One Pro Cycling,2018,X
Oneco Cycling Team,2013,X
Optum p/b Kelly Benefit Strategies,2013,Rally
Optum p/b Kelly Benefit Strategies,2014,Rally
Optum p/b Kelly Benefit Strategies,2015,Rally
Orgullo Antioqueno,2015,X
Orgullo Paisa,2018,X
Orgullo Paisa,2019,X
Orica GreenEDGE,2013,Mitchelton Scott
Orica GreenEDGE,2014,Mitchelton Scott
Orica GreenEDGE,2015,Mitchelton Scott
Orica GreenEDGE,2016,Mitchelton Scott
ORICA-BikeExchange,2016,Mitchelton Scott
ORICA-Scott,2017,Mitchelton Scott
P&S Metalltechnik,2019,X
P&S Metalltechnik,2021,X
Pakistan,2016,X
Pakistan,2017,X
Panama,2015,X
Panama,2020,X
Panama es Cultura y Valores,2021,X
Pannon Cycling Team,2018,X
Pannon Cycling Team,2019,X
Paraguay,2013,X
Paraguay,2019,X
Pardus - Tufo Prostejov,2018,X
Parkhotel Valkenburg,2014,ABLOC
Parkhotel Valkenburg CT,2014,ABLOC
Parkhotel Valkenburg CT,2015,ABLOC
Parkhotel Valkenburg CT,2016,ABLOC
Parkhotel Valkenburg Cycling Team,2018,ABLOC
Parkhotel Valkenburg Powered By Math Salden,2013,ABLOC
Pauwels - Vastgoedservice,2015,ABLOC
Pauwels sauzen - Bingoal,2019,Pauwels Sauzen
Pauwels Sauzen - Bingoal,2021,Pauwels Sauzen
Pauwels sauzen - Vastgoedservice Continental Team,2017,X
Pauwels sauzen - Vastgoedservice Continental Team,2018,X
Pedal Heaven Race Team,2016,X
Pegasus Continental Cycling Team,2015,X
Pegasus Continental Cycling Team,2016,X
Peru,2019,X
Peru,2020,X
Pgn Road Cycling Team,2018,X
Pgn Road Cycling Team,2019,X
Pgn Road Cycling Team,2020,X
Pishgaman Cycling Team,2017,X
Pishgaman Cycling Team,2018,X
Pishgaman Giant Team,2015,X
Pishgaman Giant Team,2016,X
Pishgaman Yazd,2014,X
Poland,2013,X
Poland,2014,X
Poland,2015,X
Poland,2016,X
Poland,2017,X
Poland,2018,X
Poland,2019,X
Polartec-Kometa,2018,Eolo Kometa
Polygon Sweet Nice Team,2013,X
Portugal,2013,X
Portugal,2014,X
Portugal,2015,X
Portugal,2016,X
Portugal,2017,X
Portugal,2018,X
Portugal,2019,X
Pro Racing Sunshine Coast,2019,ACA Sunshine Coast
Probaclac / Devinci,2018,X
Probaclac / Devinci,2019,X
Project Nice Cote D'Azur,2018,X
ProTouch,2019,X
ProTouch,2020,X
ProTouch,2021,X
Puerto Rico,2016,X
Qatar,2013,X
Qatar,2016,X
Qinghai Tianyoude - BH Cycling Team,2014,X
Qinghai Tianyoude - BH Cycling Team,2015,X
Qinghai Tianyoude Cycling Team,2013,X
Qinghai Tianyoude Cycling Team,2016,X
Qinghai Tianyoude Cycling Team,2017,X
Qinghai Tianyoude Cycling Team,2018,X
Quick-Step Floors,2017,Quick Step
Quick-Step Floors,2018,Quick Step
Rabobank Development Team,2013,Rabobank Development
Rabobank Development Team,2014,Rabobank Development
Rabobank Development Team,2015,Rabobank Development
Rabobank Development Team,2016,Rabobank Development
Rad - Net Rose Team,2021,Rad - Net
Radenska,2013,Ljubljana Gusto
Radenska,2014,Ljubljana Gusto
Radenska Ljubljana,2015,Ljubljana Gusto
Radenska Ljubljana,2016,Ljubljana Gusto
Radio Popular,2014,Radio Popular
Radio Popular Boavista,2016,Radio Popular
Radio Popular Boavista,2017,Radio Popular
Radio Popular Boavista,2018,Radio Popular
Radio Popular Boavista,2019,Radio Popular
Radio Popular Boavista,2020,Radio Popular
Radio Popular Boavista,2021,Radio Popular
Radio Popular ONDA Boavista,2015,Radio Popular
Radio Popular-Onda,2013,Radio Popular
RadioShack - Leopard,2013,Trek
Rad-Net Rose Team,2013,Rad - Net
Rad-Net Rose Team,2014,Rad - Net
Rad-Net Rose Team,2015,Rad - Net
Rad-Net Rose Team,2016,Rad - Net
Rad-Net Rose Team,2017,Rad - Net
Rally Cycling,2016,Rally
Rally Cycling,2017,Rally
Rally Cycling,2018,Rally
Rally Cycling,2020,Rally
Rally Cycling,2021,Rally
Rally UHC Cycling,2019,Rally
Rapha Condor,2013,X
Rapha Condor JLT,2014,X
RC Gourmetfein Wels,2013,X
Restaurant Suri - Carl Ras,2021,X
Ribble Pro Cycling,2019,Ribble
Ribble Weldtite Pro Cycling,2020,Ribble
Ribble Weldtite Pro Cycling,2021,Ribble
Rietumu - Delfin,2013,X
Rietumu - Delfin,2014,X
Rietumu - Delfin,2015,X
Rietumu - Delfin,2016,X
Rietumu Banka - Riga,2017,X
Riwal CeramicSpeed Cycling Team,2018,Riwal
Riwal Cycling Team,2014,Riwal
Riwal Cycling Team,2021,Riwal
Riwal Platform Cycling Team,2014,Riwal
Riwal Platform Cycling Team,2015,Riwal
Riwal Platform Cycling Team,2016,Riwal
Riwal Platform Cycling Team,2017,Riwal
Riwal Readynez Cycling Team,2019,Riwal
Riwal Readynez Cycling Team,2020,Riwal
ROG - Ljubljana,2017,Ljubljana Gusto
Romania,2013,X
Romania,2014,X
Romania,2015,X
Romania,2016,X
Romania,2017,X
Romania,2018,X
Romania,2019,X
Romania B,2014,X
Roompot - Charles,2019,Roompot
Roompot - Nederlandse Loterij,2017,Roompot
Roompot - Nederlandse Loterij,2018,Roompot
Roompot - Oranje Peloton,2015,Roompot
Roompot - Oranje Peloton,2016,Roompot
Roth - Skoda,2015,Akros
Roth-Akros,2017,Akros
Roubaix Lille Metropole,2013,Roubaix Lille
Roubaix Lille Metropole,2014,Roubaix Lille
Roubaix Lille Metropole,2015,Roubaix Lille
Roubaix Lille Metropole,2016,Roubaix Lille
Roubaix Lille Metropole,2017,Roubaix Lille
Roubaix Lille Metropole,2018,Roubaix Lille
RSC Amplatz,2013,X
RTS - Monton Racing,2016,X
RTS - Monton Racing,2017,X
RTS Racing Team,2013,X
RTS Racing Team,2018,X
RTS-Santic Racing Team,2014,X
RTS-Santic Racing Team,2015,X
Russia,2013,X
Russia,2014,X
Russia,2015,X
Russia,2016,X
Russia,2017,X
Russia,2018,X
Russia,2019,X
Russia,2020,X
Russia,2021,X
RusVelo,2013,Gazprom
RusVelo,2014,Gazprom
RusVelo,2015,Gazprom
Rwanda,2014,X
Rwanda,2015,X
Rwanda,2016,X
Rwanda,2017,X
Rwanda,2018,X
Rwanda,2019,X
Rwanda,2020,X
Saint Piran,2021,X
Salcano Sakarya BB Team,2019,X
Salcano Sakarya BB Team,2020,X
Salcano Sakarya BB Team,2021,X
San Luis Somos Todos,2013,X
San Luis Somos Todos,2014,X
San Luis Somos Todos,2015,X
San Luis Somos Todos,2016,X
Sangemini - MG.Kvis,2017,Color for Peace MG.K
Sangemini - MG.Kvis,2018,Color for Peace MG.K
Sangemini - Trevigiani - MG.Kvis,2019,Color for Peace MG.K
Sangemini Trevigiani Mg.k Vis,2020,Color for Peace MG.K
Sankt Petersburg,2021,X
Satalyst Verve Racing Team,2016,X
Saudi Arabia,2016,X
Sava,2013,X
Sco Dijon Team Materiel-velo Com,2016,X
search2retain-health.com.au Cycling Team,2015,X
SEG Racing,2015,SEG
SEG Racing Academy,2016,SEG
SEG Racing Academy,2017,SEG
SEG Racing Academy,2018,SEG
SEG Racing Academy,2019,SEG
SEG Racing Academy,2020,SEG
SEG Racing Academy,2021,SEG
Senegal,2017,X
Seoul Cycling Team,2014,X
Seoul Cycling Team,2015,X
Seoul Cycling Team,2016,X
Seoul Cycling Team,2017,X
Seoul Cycling Team,2018,X
Seoul Cycling Team,2019,X
Sepahan Cycling Team,2017,X
Sepahan Pro Team,2015,X
Serbia,2013,X
Serbia,2015,X
Serbia,2016,X
Serbia,2018,X
Serbia,2019,X
Sharjah Team,2016,X
Sharjah Team,2018,X
Shenzhen Xidesheng Cycling Team,2019,X
Shimano Racing Team,2013,X
Shimano Racing Team,2014,X
Shimano Racing Team,2015,X
Shimano Racing Team,2016,X
Shimano Racing Team,2017,X
Shimano Racing Team,2018,X
Shimano Racing Team,2019,X
Sidi Ali Pro Cycling Team,2020,X
Silber Pro Cycling,2014,X
Silber Pro Cycling,2015,X
Silber Pro Cycling,2016,X
Silber Pro Cycling,2017,X
Silber Pro Cycling,2018,X
Sindicato Empleados Publicos of San Juan,2015,X
Sindicato Empleados Publicos of San Juan,2016,X
Sindicato Empleados Publicos of San Juan,2017,X
Sindicato Empleados Publicos of San Juan,2018,X
Sindicato Empleados Publicos of San Juan,2020,X
Singapore,2017,X
Singapore,2019,X
Singha Infinite Cycling Team,2016,X
SKC Tufo Prostejov,2013,X
SKC Tufo Prostejov,2014,X
SKC Tufo Prostejov,2015,X
SKC Tufo Prostejov,2016,X
SKC Tufo Prostejov,2017,X
SKOL Adrien Niyonshuti Academy,2020,X
SKOL Adrien Niyonshuti Academy,2021,X
Sky Procycling,2013,Sky
Skydive Dubai Pro Cycling Team,2014,X
Skydive Dubai Pro Cycling Team - Al Ahli Club,2015,X
Skydive Dubai Pro Cycling Team - Al Ahli Club,2016,X
Slovakia,2013,X
Slovakia,2014,X
Slovakia,2015,X
Slovakia,2016,X
Slovakia,2017,X
Slovakia,2018,X
Slovakia,2019,X
Slovakia,2021,X
Slovenia,2013,X
Slovenia,2014,X
Slovenia,2015,X
Slovenia,2016,X
Slovenia,2017,X
Slovenia,2018,X
Slovenia,2019,X
Sojasun,2013,Sojasun
Soul Brasil Pro Cycling Team,2017,X
South Africa,2013,X
South Africa,2014,X
South Africa,2015,X
South Africa,2016,X
South Africa,2017,X
South Africa,2018,X
South Africa,2019,X
South Korea,2013,X
South Korea,2015,X
South Korea,2016,X
South Korea,2018,X
Southeast,2015,Vini Zabu
Sovac,2019,X
Sovac - Natura4Ever,2018,X
SP Tableware,2013,X
SP Tableware,2014,X
Spain,2013,X
Spain,2014,X
Spain,2015,X
Spain,2016,X
Spain,2017,X
Spain,2018,X
Spain,2019,X
Spain,2021,X
Spor Toto Cycling Team,2020,X
Spor Toto Cycling Team,2021,X
Sport Vlaanderen - Baloise,2017,Sport Vlaanderen
Sport Vlaanderen - Baloise,2018,Sport Vlaanderen
Sport Vlaanderen - Baloise,2019,Sport Vlaanderen
Sport Vlaanderen - Baloise,2020,Sport Vlaanderen
Sport Vlaanderen - Baloise,2021,Sport Vlaanderen
SPORT.LAND. Niederosterreich Selle SMP - St. Rich,2019,X
Sporting Clube de Portugal/Tavira,2016,Sporting Tavira
Sporting Clube de Portugal/Tavira,2017,Sporting Tavira
Sporting Clube de Portugal/Tavira,2018,Sporting Tavira
Sporting Clube de Portugal/Tavira,2019,Sporting Tavira
Sprinter Nice Metropole,2021,X
SSOIS Miogee Cycling Team,2020,X
St George Continental Cycling Team,2019,X
St George Continental Cycling Team,2020,X
St George Continental Cycling Team,2021,X
St Michel - Auber93,2018,Auber93
St Michel - Auber93,2019,Auber93
St Michel - Auber93,2020,Auber93
St Michel - Auber93,2021,Auber93
St. George Continental Cycling Team,2017,St George Continental
St. George Continental Cycling Team,2018,St George Continental
St. George Merida Cycling Team,2016,St George Continental
Staki - Baltik Vairas Cycling Team,2016,X
Staki - Technorama,2017,X
Staki - Technorama,2018,X
Start - Massi Cycling Team,2015,X
Start - Trigon Cycling Team,2013,X
Start - Trigon Cycling Team,2014,X
Start - Vaxes Cycling Team,2016,X
Start - Vaxes Cycling Team,2017,X
Start Cycling Team,2019,X
Start Cycling Team,2021,X
Start Team Gusto,2018,X
State of Matter MAAP Racing,2016,X
Stolting Service Group,2016,Team Stolting
Stradalli - Bike Aid,2016,Bike Aid
Strongman-Campagnolo  Wilier,2016,X
Sunweb - Napoleon Games Cycling Team,2013,X
Sunweb - Napoleon Games Cycling Team,2014,X
Sunweb - Napoleon Games Cycling Team,2015,X
Superano Ham - Isorex,2016,Tarteletto
Sweden,2013,X
Sweden,2014,X
Sweden,2015,X
Sweden,2016,X
Sweden,2017,X
Sweden,2018,X
Sweden,2019,X
SwiftCarbon Pro Cycling,2019,SwiftCarbon
SwiftCarbon Pro Cycling,2020,SwiftCarbon
SwiftCarbon Pro Cycling,2021,X
Swiss Cycling,2021,X
Swiss Cycling Team,2019,X
Swiss Racing Academy,2019,Swiss Racing Academy
Swiss Racing Academy,2020,Swiss Racing Academy
Swiss Racing Academy,2021,Swiss Racing Academy
Switzerland,2013,X
Switzerland,2014,X
Switzerland,2015,X
Switzerland,2016,X
Switzerland,2017,X
Switzerland,2018,X
Switzerland,2019,X
Switzerland,2020,X
Switzerland,2021,X
Synergy Baku Cycling Project,2013,Synergy Baku
Synergy Baku Cycling Project,2014,Synergy Baku
Synergy Baku Cycling Project,2015,Synergy Baku
Synergy Baku Cycling Project,2016,Synergy Baku
Synergy Baku Cycling Project,2017,Synergy Baku
Synergy Baku Cycling Project,2018,Synergy Baku
Syria,2013,X
Syria,2014,X
Syria,2015,X
Syria,2016,X
Syria,2017,X
Syria,2018,X
Syria,2019,X
T.Palm - Pole Continental Wallon,2013,X
T.Palm - Pole Continental Wallon,2014,X
T.Palm - Pole Continental Wallon,2015,X
T.Palm - Pole Continental Wallon,2016,X
T.Palm - Pole Continental Wallon,2017,X
T.Palm - Pole Continental Wallon,2018,X
Tabriz Petrochemical CCN Team,2016,X
Tabriz Petrochemical Team,2013,X
Tabriz Petrochemical Team,2014,X
Tabriz Petrochemical Team,2015,X
Tabriz Shahrdari Ranking,2014,X
Tabriz Shahrdari Team,2015,X
Tabriz Shahrdari Team,2016,X
Tabriz Shahrdary Team,2017,X
Tabriz Shahrdary Team,2018,X
Taiwan,2014,X
Taiwan,2015,X
Taiwan,2016,X
Taiwan,2017,X
Taiwan,2018,X
Taiwan,2019,X
Taiwan,2020,X
Taiyuan Miogee Cycling Team,2019,X
Tarteletto - Isorex,2017,Tarteletto
Tarteletto - Isorex,2018,Tarteletto
Tarteletto - Isorex,2019,Tarteletto
Tarteletto - Isorex,2020,Tarteletto
Tarteletto - Isorex,2021,Tarteletto
Tavfer-Measindot-Mortagua,2021,X
Tavira,2015,Sporting Tavira
TC Chrobry Lasocki Glogow,2013,X
Team 7 Eleven Road Bike Philippines,2014,X
Team 7 Eleven Road Bike Philippines,2015,X
Team Almeborg-Bornholm,2015,X
Team Almeborg-Bornholm,2016,X
Team Argos - Shimano,2013,Sunweb
Team Arkea Samsic,2019,Arkea Samsic
Team Arkea Samsic,2020,Arkea Samsic
Team Arkea Samsic,2021,Arkea Samsic
Team Beltrami Tsa - Hoppla - Petroli Firenze,2019,X
Team Bergstrasse jenatec,2013,X
Team BikeExchange,2021,Mitchelton Scott
Team Bliz-Merida,2016,Memil Pro Cycling
Team BridgeLane,2019,Team BridgeLane
Team BridgeLane,2020,Team BridgeLane
Team BridgeLane,2021,Team BridgeLane
Team Bridgestone Anchor,2013,X
Team Bridgestone Cycling,2019,X
Team Budget Forklifts,2013,X
Team Budget Forklifts,2014,X
Team Budget Forklifts,2015,X
Team Cannondale - Garmin,2015,EF Education First
Team CCB Foundation-Sicleri,2018,X
Team Colombia,2013,Team Colombia
Team Colombia,2014,Team Colombia
Team Colombia,2015,Team Colombia
Team Colpack,2019,Colpack
Team Colpack Ballan,2020,Colpack
Team Colpack Ballan,2021,Colpack
Team Coop,2017,Team Coop
Team Coop,2018,Team Coop
Team Coop,2019,Team Coop
Team Coop,2020,Team Coop
Team Coop,2021,Team Coop
Team Coop - OsterHus,2015,Team Coop
Team Coop - OsterHus,2016,Team Coop
Team Cult Energy,2013,Cult Energy
Team Designa Kokken - Knudsgaard,2013,ColoQuick
Team Differdange - GeBa,2019,X
Team Differdange - Losch,2013,X
Team Differdange - Losch,2014,X
Team Differdange - Losch,2015,X
Team Differdange - Losch,2016,X
Team Differdange - Losch,2017,X
Team Differdange - Losch,2018,X
Team Dimension Data,2016,NTT
Team Dimension Data,2017,NTT
Team Dimension Data,2018,NTT
Team Dimension Data,2019,NTT
Team DSM,2021,Sunweb
Team Dukla Praha,2014,X
Team Dukla Praha,2015,X
Team Dukla Praha,2016,X
Team Dukla Praha,2018,X
Team Ecuador,2014,X
Team Ecuador,2015,X
Team Ecuador,2018,X
Team EF Education First-Drapac p/b Cannondale,2018,EF Education First
Team Europcar,2013,Direct Energie
Team Europcar,2014,Direct Energie
Team Europcar,2015,Direct Energie
Team Felbermayr - Simplon Wels,2015,Team Felbermayr
Team Felbermayr - Simplon Wels,2016,Team Felbermayr
Team Felbermayr - Simplon Wels,2017,Team Felbermayr
Team Felbermayr - Simplon Wels,2018,Team Felbermayr
Team Felbermayr - Simplon Wels,2019,Team Felbermayr
Team Felbermayr - Simplon Wels,2020,Team Felbermayr
Team Felbermayr - Simplon Wels,2021,Team Felbermayr
Team FixIT.no,2014,X
Team FixIT.no,2015,X
Team FixIT.no,2016,X
Team FixIT.no,2017,X
Team Fortuneo - Samsic,2018,Arkea Samsic
Team Froy Bianchi,2015,X
Team Garneau - Quebecor,2013,X
Team Giant - Alpecin,2015,Sunweb
Team Giant - Alpecin,2016,Sunweb
Team Giant - Castelli,2017,X
Team Giant - Shimano,2014,Sunweb
Team Giant Scatto U23,2016,X
Team Gourmetfein Simplon Wels,2014,X
Team Gusto,2014,X
Team Heizomat,2013,X
Team Heizomat,2014,X
Team Heizomat,2015,X
Team Heizomat,2016,X
Team Heizomat,2017,X
Team Hrinkow Advarics Cycleang,2015,X
Team Hrinkow Advarics Cycleang,2016,X
Team Hrinkow Advarics Cycleang,2017,X
Team Hrinkow Advarics Cycleang,2018,X
Team Hrinkow Advarics Cycleang,2019,X
Team Hrinkow Advarics Cycleang,2020,X
Team Hrinkow Advarics Cycleang,2021,X
Team Hurom,2017,HRE Mazowsze
Team Hurom,2018,HRE Mazowsze
Team Hurom,2019,HRE Mazowsze
Team Idea,2014,X
Team Idea 2010 ASD,2015,X
Team IG - Sigma Sport,2013,X
Team Illuminate,2016,Team Illuminate
Team Illuminate,2017,Team Illuminate
Team Illuminate,2018,Team Illuminate
Team Illuminate,2019,Team Illuminate
Team Illuminate,2020,Team Illuminate
Team Illuminate,2021,X
Team INEOS,2019,Sky
Team INEOS,2020,Sky
Team Jamis,2016,Team Jamis
Team Joker,2014,Joker Fuel
Team Joker,2015,Joker Fuel
Team Joker - Byggtorget,2016,Joker Fuel
Team Joker - Merida,2013,Joker Fuel
Team Joker Icopal,2017,Joker Fuel
Team Joker Icopal,2018,Joker Fuel
Team Jumbo-Visma,2019,Jumbo Visma
Team Jumbo-Visma,2020,Jumbo Visma
Team Jumbo-Visma,2021,Jumbo Visma
Team Katusha,2013,Katusha
Team Katusha,2014,Katusha
Team Katusha,2015,Katusha
Team Katusha,2016,Katusha
Team Katusha Alpecin,2017,Katusha
Team Katusha Alpecin,2018,Katusha
Team Katusha Alpecin,2019,Katusha
Team KIBAG-OBOR-CKT,2021,X
Team Kuota,2014,Lotto Kern Haus
Team Kuota-Lotto,2015,Lotto Kern Haus
Team Kuota-Lotto,2016,Lotto Kern Haus
Team La Pomme Marseille 13,2014,X
Team Lotto - Kern Haus,2017,Lotto Kern Haus
Team Lotto - Kern Haus,2018,Lotto Kern Haus
Team Lotto - Kern Haus,2019,Lotto Kern Haus
Team Lotto - Kern Haus,2021,Lotto Kern Haus
Team Lotto - Kern Haus,2020,Lotto Kern Haus
Team LottoNL-Jumbo,2015,Jumbo Visma
Team LottoNL-Jumbo,2016,Jumbo Visma
Team LottoNL-Jumbo,2017,Jumbo Visma
Team LottoNL-Jumbo,2018,Jumbo Visma
Team Lvshan Landscape,2014,X
Team Lvshan Landscape,2015,X
Team Lvshan Landscape,2016,X
Team Manzana Postobon,2016,Manzana Postobon
Team Marseille 13 KTM,2015,X
Team McDonalds Down Under,2018,X
Team Medellin,2020,Medellin
Team Medellin,2021,X
Team NetApp - Endura,2013,BORA
Team NetApp - Endura,2014,BORA
Team Nippo - De Rosa,2013,X
Team NIPPO-Provence-PTS Conti,2021,Nippo Provence CT
Team Novak,2018,Team Novak
Team Novak,2019,Team Novak
Team Novo Nordisk,2013,Novo Nordisk
Team Novo Nordisk,2014,Novo Nordisk
Team Novo Nordisk,2015,Novo Nordisk
Team Novo Nordisk,2016,Novo Nordisk
Team Novo Nordisk,2017,Novo Nordisk
Team Novo Nordisk,2018,Novo Nordisk
Team Novo Nordisk,2019,Novo Nordisk
Team Novo Nordisk,2020,Novo Nordisk
Team Novo Nordisk,2021,Novo Nordisk
Team Novo Nordisk Development,2017,X
Team Novo Nordisk Development,2021,X
Team NSP - Ghost,2013,X
Team Oster Hus - Ridley,2013,Team Coop
Team Oster Hus - Ridley,2014,Team Coop
Team People4you - Unaas Cycling,2013,X
Team Plussbank,2013,X
Team Postnord Danmark,2016,X
Team Qhubeka,2021,X
Team Qhubeka ASSOS,2021,NTT
Team Qhubeka NextHash,2021,NTT
Team Quantec - Indeland,2013,Lotto Kern Haus
Team Raleigh,2013,Vitus
Team Raleigh,2014,Vitus
Team Raleigh GAC,2015,Vitus
Team Raleigh GAC,2016,Vitus
Team Raleigh GAC,2017,Vitus
Team Ringeriks - Kraft,2014,Uno X Norway
Team Ringeriks - Kraft,2015,Uno X Norway
Team Ringeriks - Kraft,2016,Uno X Norway
Team Ringeriks - Kraft Look,2013,Uno X Norway
Team Roth,2016,Akros
Team Sapura Cycling,2017,Team Sapura
Team Sapura Cycling,2018,Team Sapura
Team Sapura Cycling,2019,Team Sapura
Team Sapura Cycling,2020,Team Sapura
Team Sapura Cycling,2021,Team Sapura
Team Sauerland NRW p/b Henley & Partners,2016,Team Sauerland
Team Sauerland NRW p/b Henley & Partners,2017,Team Sauerland
Team Sauerland NRW p/b SKS GERMANY,2018,Team Sauerland
Team Sauerland NRW p/b SKS GERMANY,2019,Team Sauerland
Team Saxo - Tinkoff,2013,Saxo Bank
Team Senter - Merida,2013,X
Team SKS Sauerland NRW,2020,Team Sauerland
Team SKS Sauerland NRW,2021,Team Sauerland
Team Sky,2014,Sky
Team Sky,2015,Sky
Team Sky,2016,Sky
Team Sky,2017,Sky
Team Sky,2018,Sky
Team Sky,2019,Sky
Team Skyline,2019,X
Team SmartStop,2014,X
Team SmartStop,2015,X
Team Smartstop - Mountain Khakis,2013,X
Team Sparebanken Sor,2014,X
Team Sparebanken Sor,2015,X
Team Sparebanken Sor,2016,X
Team Sparebanken Sor,2017,X
Team Stolting,2013,Team Stolting
Team Stolting,2014,Team Stolting
Team Stolting,2015,Team Stolting
Team Stuttgart,2013,0711 Cycling
Team Stuttgart,2014,0711 Cycling
Team Stuttgart,2015,0711 Cycling
Team Sunweb,2017,Sunweb
Team Sunweb,2018,Sunweb
Team Sunweb,2019,Sunweb
Team Sunweb,2020,Sunweb
Team Total Direct Energie,2019,Direct Energie
Team Total Direct Energie,2020,Direct Energie
Team Total Direct Energie,2021,Direct Energie
Team TotalEnergies,2021,Direct Energie
Team Tre Berg - Postnord,2017,X
Team Tre Berg-Bianchi,2015,X
Team Tre Berg-Bianchi,2016,X
Team Trefor,2013,X
Team Trefor,2016,X
Team Trefor - Blue Water,2014,X
Team Trefor - Blue Water,2015,X
Team UK Youth,2013,X
Team UKYO,2013,UKYO
Team UKYO,2014,UKYO
Team UKYO,2015,UKYO
Team UKYO,2016,UKYO
Team UKYO,2017,UKYO
Team UKYO,2018,UKYO
Team UKYO,2019,UKYO
Team UKYO,2020,UKYO
Team UKYO,2021,UKYO
Team Velo Reality,2013,X
Team Virtu Cycling,2017,X
Team Virtu Cycling,2018,X
Team Vorarlberg,2013,Team Vorarlberg
Team Vorarlberg,2014,Team Vorarlberg
Team Vorarlberg,2015,Team Vorarlberg
Team Vorarlberg,2016,Team Vorarlberg
Team Vorarlberg,2017,Team Vorarlberg
Team Vorarlberg,2021,Team Vorarlberg
Team Vorarlberg Santic,2018,Team Vorarlberg
Team Vorarlberg Santic,2019,Team Vorarlberg
Team Vorarlberg Santic,2020,Team Vorarlberg
Team Waoo,2018,X
Team Waoo,2019,X
Team Wibatech - Brzeg,2013,X
Team Wiggins,2015,Wiggins
Team Wiggins,2016,Wiggins
Team Wiggins,2017,Wiggins
Team Wiggins,2018,Wiggins
Team Wiggins Le Col,2019,Wiggins
Team3M,2013,X
Team3M,2014,X
Team3M,2015,X
Team3M,2016,X
TEG Procycling Team,2019,X
Telenet - Fidea,2013,X
Telenet - Fidea,2014,X
Telenet - Fidea,2015,X
Telenet - Fidea,2016,X
Telenet Fidea Lions,2017,X
Telenet Fidea Lions,2018,X
Telenet Fidea Lions,2019,X
Terengganu Cycling Team,2013,Terengganu
Terengganu Cycling Team,2014,Terengganu
Terengganu Cycling Team,2015,Terengganu
Terengganu Cycling Team,2016,Terengganu
Terengganu Cycling Team,2017,Terengganu
Terengganu Cycling Team,2018,Terengganu
Terengganu Cycling Team,2019,Terengganu
Terengganu Cycling Team,2021,Terengganu
Terengganu Inc. TSG Cycling Team,2019,Terengganu
Terengganu Inc. TSG Cycling Team,2020,Terengganu
Thailand,2013,X
Thailand,2015,X
Thailand,2017,X
Thailand,2018,X
Thailand,2019,X
Thailand Continental Cycling Team,2017,Thailand Continental
Thailand Continental Cycling Team,2018,Thailand Continental
Thailand Continental Cycling Team,2019,Thailand Continental
Thailand Continental Cycling Team,2020,Thailand Continental
Thuringer Energie Team,2013,X
Tianyoude Hotel Cycling Team,2019,X
Tianyoude Hotel Cycling Team,2020,X
Tinkoff,2016,Saxo Bank
Tinkoff - Saxo,2014,Saxo Bank
Tinkoff - Saxo,2015,Saxo Bank
Tirol Cycling Team,2013,Tirol Cycling
Tirol Cycling Team,2014,Tirol Cycling
Tirol Cycling Team,2015,Tirol Cycling
Tirol Cycling Team,2016,Tirol Cycling
Tirol Cycling Team,2017,Tirol Cycling
Tirol Cycling Team,2018,Tirol Cycling
Tirol KTM Cycling Team,2019,Tirol Cycling
Tirol KTM Cycling Team,2020,Tirol Cycling
Tirol KTM Cycling Team,2021,Tirol Cycling
To Win - Josan Cycling Team,2013,X
Topforex - ATT Investments,2021,X
Topsport Vlaanderen - Baloise,2013,Sport Vlaanderen
Topsport Vlaanderen - Baloise,2014,Sport Vlaanderen
Topsport Vlaanderen - Baloise,2015,Sport Vlaanderen
Topsport Vlaanderen - Baloise,2016,Sport Vlaanderen
Torku Sekerspor,2014,X
Torku Sekerspor,2015,X
Torku Sekerspor,2016,X
Torku Sekerspor,2017,X
Torku Sekerspor,2018,X
Transportes Puertas de Cuyo,2020,X
Trek - Segafredo,2016,Trek
Trek - Segafredo,2017,Trek
Trek - Segafredo,2018,Trek
Trek - Segafredo,2019,Trek
Trek - Segafredo,2020,Trek
Trek - Segafredo,2021,Trek
Trek Factory Racing,2014,Trek
Trek Factory Racing,2015,Trek
Trek Trakya,2021,X
Trevigiani Phonix - Hemus 1896,2018,X
Trinity Racing,2021,Trinity
Trinity Road Racing,2020,Trinity
Tufo - Pardus Prostejov,2019,X
Tufo - Pardus Prostejov,2021,X
Tunisia,2013,X
Tunisia,2016,X
Tunisia,2018,X
Turkey,2016,X
Turkey,2017,X
Turkey,2018,X
Turkey,2019,X
Tusnad Cycling Team,2013,X
Tusnad Cycling Team,2014,X
Tusnad Cycling Team,2015,X
Tusnad Cycling Team,2016,X
Tusnad Cycling Team,2017,X
UAE Team Emirates,2017,UAE Team
UAE-Team Emirates,2018,UAE Team
UAE-Team Emirates,2019,UAE Team
UAE-Team Emirates,2020,UAE Team
UAE-Team Emirates,2021,UAE Team
UD Oliveirense/InOutbuild,2019,Liberty Seguros Carglass
Uijeonbu Cycling Team,2018,X
Uijeonbu Cycling Team,2019,X
Ukraine,2013,X
Ukraine,2014,X
Ukraine,2015,X
Ukraine,2016,X
Ukraine,2017,X
Ukraine,2018,X
Ukraine,2019,X
Ukraine,2020,X
Ukraine,2021,X
Unieuro Trevigiani - Hemus 1896,2017,X
Unieuro Wilier,2016,X
Unieuro Wilier Trevigiani,2015,X
Union Raiffeisen Radteam Tirol,2021,X
UniSA-Australia,2015,UniSA
UniSA-Australia,2016,UniSA
UniSA-Australia,2017,UniSA
UniSA-Australia,2018,UniSA
UniSA-Australia,2019,UniSA
UniSA-Australia,2020,UniSA
United Arab Emirates,2014,X
United Arab Emirates,2015,X
United Arab Emirates,2016,X
United Arab Emirates,2017,X
United Arab Emirates,2018,X
United Arab Emirates,2019,X
United States,2013,X
United States,2014,X
United States,2015,X
United States,2016,X
United States,2017,X
United States,2018,X
United States,2019,X
UnitedHealthcare Presented by Maxxis,2013,United Healthcare
UnitedHealthcare Pro Cycling Team,2014,United Healthcare
UnitedHealthcare Pro Cycling Team,2015,United Healthcare
UnitedHealthcare Pro Cycling Team,2016,United Healthcare
UnitedHealthcare Pro Cycling Team,2017,United Healthcare
UnitedHealthcare Pro Cycling Team,2018,United Healthcare
Uno-X Dare Development Team,2021,X
Uno-X Hydrogen Development Team,2017,Uno X Norway
Uno-X Norwegian Development Team,2018,Uno X Norway
Uno-X Norwegian Development Team,2019,Uno X Norway
Uno-X Norwegian Development Team,2020,Uno X Norway
Uno-X Pro Cycling Team,2020,Uno X Norway
Uno-X Pro Cycling Team,2021,Uno X Norway
Uruguay,2014,X
Uruguay,2016,X
Uruguay,2017,X
Uruguay,2018,X
Uruguay,2019,X
Utensilnord,2014,X
Utensilnord,2015,X
Utensilnord - ora24.eu,2013,X
Utsunomiya Blitzen,2013,X
Utsunomiya Blitzen,2014,X
Utsunomiya Blitzen,2015,X
Utsunomiya Blitzen,2016,X
Utsunomiya Blitzen,2017,X
Utsunomiya Blitzen,2018,X
Utsunomiya Blitzen,2019,X
Utsunomiya Blitzen,2020,X
Uzbekistan,2013,X
Uzbekistan,2014,X
Uzbekistan,2015,X
Uzbekistan,2016,X
Uzbekistan,2018,X
Uzbekistan,2019,X
Uzbekistan,2021,X
Vacansoleil - DCM,2013,Vacansoleil
Vastgoedservice - Golden Palace,2014,X
Vega - Hotsand,2014,Color for Peace MG.K
Velo Club Sovac,2014,X
Velo Club Sovac Algerie,2013,X
Velosure - Giordana Racing Team,2014,X
Vendee U Pays De La Loire,2019,X
Venezuela,2013,X
Venezuela,2014,X
Venezuela,2016,X
Venezuela,2020,X
Ventilair - Steria,2013,X
Veranclassic - AGO,2016,X
Veranclassic - Doltcini,2014,X
Veranclassic - Ekoi,2015,X
Verandas Willems,2013,Verandas Willems
Verandas Willems,2014,Verandas Willems
Verandas Willems Cycling Team,2015,Verandas Willems
Verandas Willems Cycling Team,2016,Verandas Willems
Verandas Willems-Crelan,2017,Verandas Willems
Verandas Willems-Crelan,2018,Verandas Willems
VERVA ActiveJet Pro Cycling Team,2016,X
VIB Bikes,2017,X
VIB Sports,2018,X
VIB Sports,2019,X
Vietnam,2017,X
Vini Fantini,2013,Nippo Vini Fantini
Vini Fantini Nippo,2014,Nippo Vini Fantini
Vini Zabu,2021,Vini Zabu
Vini Zabu - KTM,2020,Vini Zabu
Vino - Astana Motors,2017,Vino Astana
Vino - Astana Motors,2018,Vino Astana
Vino - Astana Motors,2019,Vino Astana
Vino - Astana Motors,2020,Vino Astana
Vino - Astana Motors,2021,Vino Astana
Vino 4ever,2014,Vino Astana
Vino 4ever,2015,Vino Astana
Vino 4ever SKO,2016,Vino Astana
Virgin Islands,2018,X
Virtu Pro Veloconcept,2016,X
Vital Concept - B&B Hotels,2019,Vital Concept
Vital Concept Cycling Club,2018,Vital Concept
Vito-Feirense-BlackJack,2018,Feirense
Feirense,2020,Feirense
Vito-Feirense-Pnb,2019,Feirense
Vitus Pro Cycling,2018,Vitus
Vitus Pro Cycling,2019,Vitus
Vitus Pro Cycling p/b Brother UK,2020,Vitus
Vivarovar,2021,X
Vivo Team Grupo Oresy,2016,X
Vlasman CT,2019,X
Vlasman Track/Road Continental Cycling Team,2018,X
VolkerWessels Cyclingteam,2021,Voster
VolkerWessels-Merckx,2020,Voster
Voster ATS Team,2019,Voster
Voster ATS Team,2021,Voster
Voster Uniwheels Team,2017,Voster
Voster Uniwheels Team,2018,Voster
W52 / FC Porto,2019,W52 FC Porto
W52 / FC Porto,2020,W52 FC Porto
W52 / FC Porto,2021,W52 FC Porto
W52/FC Porto,2016,W52 FC Porto
W52/FC Porto,2017,W52 FC Porto
W52/FC Porto,2018,W52 FC Porto
W52-Quinta da Lixa,2015,W52 FC Porto
Wallonie - Bruxelles,2013,Wallonie Bruxelles
Wallonie - Bruxelles,2014,Wallonie Bruxelles
Wallonie - Bruxelles,2015,Wallonie Bruxelles
Wallonie - Bruxelles,2016,Wallonie Bruxelles
Wallonie-Bruxelles,2019,Wallonie Bruxelles
Wallonie-Bruxelles Development Team,2019,X
Wanty - Gobert Cycling Team,2019,Wanty Gobert
Wanty - Groupe Gobert,2014,Wanty Gobert
Wanty - Groupe Gobert,2015,Wanty Gobert
Wanty - Groupe Gobert,2016,Wanty Gobert
Wanty - Groupe Gobert,2017,Wanty Gobert
Wanty - Groupe Gobert,2018,Wanty Gobert
WB Aqua Protect Veranclassic,2018,Wallonie Bruxelles
WB Veranclassic Aqua Protect,2017,Wallonie Bruxelles
Whirlpool Author,2015,Elkov Author
Whirlpool Author,2016,Elkov Author
Wibatech 7r Fuji,2017,X
Wibatech Fuji,2016,X
Wibatech Fuji Zory,2014,X
Wibatech Merx 7R,2018,X
Wibatech Merx 7R,2019,X
Wildlife Generation p/b Maxxis,2019,Jelly Belly
Wildlife Generation Pro Cycling,2020,Jelly Belly
Wildlife Generation Pro Cycling,2021,Jelly Belly
Wilier - Southeast,2016,Vini Zabu
Wilier Triestina - Selle Italia,2017,Vini Zabu
Wilier Triestina - Selle Italia,2018,Vini Zabu
Wisdom - Hengxiang Cycling Team,2016,X
Work Service Dynatek Vega,2020,Work Service Italy
Work Service Marchiol Vega,2021,Work Service Italy
WSA,2013,WSA Greenlife
WSA KTM Graz,2021,X
WSA Pushbikers,2018,WSA Greenlife
WSA-Greenlife,2014,WSA Greenlife
WSA-Greenlife,2015,WSA Greenlife
WSA-Greenlife,2016,WSA Greenlife
WSA-Greenlife,2017,WSA Greenlife
X23 - Saroni Factory Team,2015,X
Xelliss - Roubaix Lille Metropole,2021,Roubaix Lille
X-Speed United,2019,X
XSpeed United Continental,2021,X
Yoeleo Test Team p/b 4Mind,2021,X
Yunnan Lvshan Landscape,2017,X
Yunnan Lvshan Landscape,2018,X
Zalf Euromobil Fior,2021,X
,2013,X
,2014,X
,2015,X
,2016,X
,2017,X
,2018,X
,2019,X
,2020,X
,2021,X
